,TIME,DEPTH,TEMP
0,19631.246273148146,25,14.438
1,19631.84869212963,25,14.200000000000001
2,19632.011898148146,25,14.012
3,19632.29789351852,25,13.729000000000001
4,19632.499282407407,25,14.39
5,19633.131875,25,14.5
6,19633.39579861111,25,13.757
7,19633.72869212963,25,13.062
8,19633.93357638889,25,13.214
9,19634.86212962963,25,12.988
10,19635.105185185184,25,12.901
11,19641.326412037037,25,10.315
12,19641.429247685184,25,10.49
13,19641.529224537036,25,10.827
14,19641.616828703704,25,10.96
15,19641.69636574074,25,11.389000000000001
16,19648.21554398148,25,11.471
17,19648.315949074076,25,11.369
18,19648.411145833332,25,11.177
19,19648.71537037037,25,11.57
20,19648.796805555558,25,11.338000000000001
21,19648.91833333333,25,11.096
22,19649.047118055558,25,11.346
23,19649.142256944444,25,11.292
24,19649.25445601852,25,10.778
25,19649.358263888887,25,11.146
26,19649.426550925924,25,12.25
27,19649.42740740741,25,11.141
28,19649.456597222223,25,
29,19649.532291666666,25,10.834
30,19649.637002314816,25,11.534
31,19649.74332175926,25,10.907
32,19649.911238425924,25,10.802
33,19650.153599537036,25,10.983
34,19650.209328703702,25,10.415000000000001
35,19650.2162037037,25,11.034
36,19650.28923611111,25,10.912
37,19650.403171296297,25,11.845
38,19650.61517361111,25,10.705
39,19650.647696759257,25,10.939
40,19650.694444444445,25,11.926
41,19650.99832175926,25,11.779
42,19651.005243055555,25,10.883000000000001
43,19651.030208333334,25,12.211
44,19651.134849537037,25,10.461
45,19651.339016203703,25,12.049
46,19651.379756944447,25,12.105
47,19651.638356481482,25,10.616
48,19651.944444444445,25,10.731
49,19652.187280092592,25,11.01
50,19652.5134375,25,10.966000000000001
51,19652.67042824074,25,10.995000000000001
52,19652.92638888889,25,11.11
53,19652.937997685185,25,10.99
54,19653.09107638889,25,10.675
55,19653.37821759259,25,10.673
56,19653.58832175926,25,10.532
57,19653.70244212963,25,10.67
58,19653.734733796296,25,10.762
59,19653.749270833334,25,10.715
60,19653.932997685184,25,10.717
61,19654.07363425926,25,10.163
62,19654.268958333334,25,10.895
63,19654.604386574076,25,10.216000000000001
64,19654.92815972222,25,10.601
65,19655.120844907407,25,10.518
66,19655.357939814814,25,10.746
67,19655.462627314813,25,10.556000000000001
68,19655.818043981482,25,10.743
69,19655.903136574074,25,10.496
70,19656.016655092593,25,8.211
71,19656.1596875,25,10.536
72,19656.406516203704,25,10.315
73,19656.494247685183,25,11.688
74,19656.776574074076,25,10.466000000000001
75,19656.874131944445,25,10.537
76,19656.968402777777,25,10.531
77,19657.132002314815,25,10.281
78,19657.261273148146,25,12.233
79,19657.454305555555,25,10.361
80,19657.89130787037,25,10.540000000000001
81,19658.537083333333,25,12.417
82,19658.57284722222,25,11.537
83,19658.616921296296,25,10.47
84,19658.654513888887,25,10.703
85,19658.693842592595,25,11.127
86,19658.73386574074,25,11.282
87,19658.77496527778,25,10.427
88,19658.82096064815,25,10.963000000000001
89,19658.862233796295,25,10.52
90,19658.9021875,25,10.479000000000001
91,19658.940381944445,25,10.115
92,19658.97585648148,25,10.181000000000001
93,19659.11909722222,25,10.387
94,19659.169583333332,25,10.413
95,19659.220671296298,25,10.424
96,19659.28751157407,25,10.514
97,19659.35886574074,25,10.608
98,19659.407650462963,25,10.862
99,19659.58148148148,25,10.982000000000001
100,19659.628773148146,25,11.023
101,19659.65818287037,25,11.133000000000001
102,19659.687384259258,25,11.075000000000001
103,19659.71820601852,25,11.083
104,19659.877372685183,25,10.687
105,19659.990972222222,25,10.34
106,19660.166354166668,25,10.431000000000001
107,19660.280347222222,25,10.086
108,19660.340046296296,25,10.068
109,19660.680381944443,25,10.393
110,19660.75579861111,25,10.527000000000001
111,19660.879953703705,25,10.642
112,19661.001180555555,25,10.888
113,19661.196898148148,25,10.568
114,19661.295601851853,25,10.862
115,19661.37898148148,25,10.521
116,19662.969178240743,25,10.269
117,19663.037337962964,25,10.298
118,19663.232233796294,25,10.378
119,19663.406990740743,25,10.104000000000001
120,19663.59008101852,25,10.209
121,19663.824861111112,25,10.151
122,19663.976446759258,25,10.436
123,19664.265092592592,25,11.528
124,19664.315069444445,25,11.479000000000001
125,19664.357627314814,25,11.28
126,19664.403252314816,25,10.765
127,19664.46028935185,25,10.761000000000001
128,19664.508159722223,25,10.6
129,19664.556377314813,25,10.328
130,19664.60337962963,25,10.257
131,19664.73560185185,25,10.186
132,19664.785,25,10.47
133,19664.835833333334,25,10.28
134,19664.886284722223,25,10.224
135,19664.939837962964,25,10.364
136,19664.993819444444,25,10.369
137,19665.035625,25,10.28
138,19665.07630787037,25,10.388
139,19665.1146412037,25,10.672
140,19665.142974537037,25,10.598
141,19665.171886574073,25,10.4
142,19665.2005787037,25,10.512
143,19665.230497685185,25,10.562
144,19665.265439814815,25,10.223
145,19665.30255787037,25,10.264
146,19665.34545138889,25,10.391
147,19665.387280092593,25,10.290000000000001
148,19665.426527777778,25,10.668000000000001
149,19665.465902777778,25,10.552
150,19665.505729166667,25,10.542
151,19665.542465277777,25,10.973
152,19665.582962962962,25,10.99
153,19665.615092592594,25,10.981
154,19665.635983796295,25,11.057
155,19666.760416666668,25,10.288
156,19668.302037037036,25,10.733
157,19668.441435185185,25,10.476
158,19668.548333333332,25,10.396
159,19668.622893518517,25,10.421
160,19668.719050925927,25,10.824
161,19668.89613425926,25,10.697000000000001
162,19669.012800925924,25,10.775
163,19669.096412037037,25,11.002
164,19669.186550925926,25,11.162
165,19669.288194444445,25,10.898
166,19669.387314814816,25,11.067
167,19669.46125,25,11.035
168,19669.54097222222,25,10.534
169,19669.623726851853,25,11.071
170,19669.744930555556,25,10.97
171,19669.888703703702,25,10.781
172,19670.003194444445,25,11.07
173,19670.097962962962,25,10.929
174,19672.30861111111,25,10.271
175,19672.42976851852,25,10.121
176,19672.63351851852,25,10.093
177,19673.457476851854,25,10.38
178,19682.974791666667,25,10.96
179,19683.289097222223,25,11.547
180,19683.34252314815,25,10.394
181,19683.391180555554,25,9.849
182,19683.43263888889,25,9.434000000000001
183,19683.559675925924,25,11.384
184,19683.598541666666,25,11.789
185,19683.774791666667,25,12.366
186,19683.833819444444,25,12.818
187,19683.93388888889,25,11.728
188,19684.02965277778,25,9.862
189,19685.29045138889,25,9.259
190,19685.31355324074,25,9.742
191,19685.341608796294,25,10.665000000000001
192,19685.397696759257,25,11.706
193,19686.994618055556,25,9.749
194,19687.029293981483,25,9.726
195,19687.0784375,25,9.958
196,19687.13505787037,25,10.726
197,19687.2084375,25,10.837
198,19687.282349537036,25,11.589
199,19687.31769675926,25,11.423
200,19687.35542824074,25,11.105
